"UEI","Start Date","End Date","Duration(Days)","Main Cause","Location","Districts","State","Latitude","Longitude","Severity","Area Affected","Human fatality","Human injured","Human Displaced","Animal Fatality","Description of Casualties/injured","Extent of damage ","Event Source","Event Souce ID"
"UEI-DFO-FL-1985-0001","1985-06-23","1985-06-27","4","Heavy rain","","","","14.5398","75.0937","1","254234.6","95","","25000","","","","DFO","27"
"UEI-DFO-FL-1985-0002","1985-07-18","1985-07-30","12","Heavy rain","","","","32.8353","76.9103","1","117441.17","340","","20000","","","","DFO","33"
"UEI-DFO-FL-1985-0003","1985-09-13","1985-10-15","32","Heavy rain","","","","26.4816","82.8434","2","89994.67","557","","152000","","","","DFO","53"
"UEI-DFO-FL-1985-0004","1985-10-18","1985-10-20","2","Tropical cyclone","","","","21.1495","86.7154","2","46758.64","49","","150000","","","","DFO","61"
"UEI-DFO-FL-1986-0001","1986-06-15","1986-08-20","66","Monsoonal rain","","","","25.6339","84.0726","1","507167.44","258","","3040000","","","","DFO","93"
"UEI-DFO-FL-1986-0002","1986-08-15","1986-08-22","7","Monsoonal rain","","","","17.4331","80.187","1","107355.33","150","","3000000","","","","DFO","98"
"UEI-DFO-FL-1986-0003","1986-09-22","1986-10-10","18","Heavy rain","","","","23.6547","89.4296","1","231516.28","49","","700000","","","","DFO","106"
"UEI-DFO-FL-1988-0001","1988-05-23","1988-11-06","167","Monsoonal rain","","","","26.4813","92.0622","1","42285.99","76","","43000","","","","DFO","180"
"UEI-DFO-FL-1988-0002","1988-06-21","1988-07-14","23","Heavy rain","","","","26.988","92.926","1","70501.83","34","","2000000","","","","DFO","190"
"UEI-DFO-FL-1988-0003","1988-04-07","1988-08-08","123","Monsoonal rain","","","","28.886","80.7246","2","847737.26","233","","500000","","","","DFO","196"
"UEI-DFO-FL-1988-0004","1988-07-14","1988-07-27","13","Heavy rain","","","","22.0189","71.1117","1","76352.55","97","","25000","","","","DFO","203"
"UEI-DFO-FL-1988-0005","1988-07-31","1988-02-08","Diffing the dates","Heavy rain","","","","18.4311","80.713","1","94871.79","50","","0","","","","DFO","214"
"UEI-DFO-FL-1988-0006","1988-08-23","1988-09-15","23","Monsoonal rain","","","","26.5037","86.5429","1","626872.46","876","","2000","","","","DFO","228"
"UEI-DFO-FL-1988-0007","1988-09-21","1988-08-10","Diffing the dates","Heavy rain","","","","30.9339","75.0459","2","268528.55","731","","1250000","","","","DFO","253"
"UEI-DFO-FL-1988-0008","1988-03-10","1988-04-10","31","Heavy rain","","","","19.1131","72.8962","1","605.213","23","","0","","","","DFO","255"
"UEI-DFO-FL-1989-0001","1989-07-22","1989-07-31","9","Monsoonal rain","","","","15.1816","76.4736","1","905209.24","780","","0","","","","DFO","330"
"UEI-DFO-FL-1989-0002","1989-05-07","1989-10-08","154","Monsoonal rain","","","","24.8678","92.8291","2","112816.35","31","","32000","","","","DFO","334"
"UEI-DFO-FL-1989-0003","1989-03-09","1989-10-09","214","Heavy rain","","","","26.4375","80.8611","1","204979.38","7","","0","","","","DFO","360"
"UEI-DFO-FL-1990-0001","1990-03-21","1990-03-22","1","Torrential rain","","","","33.8036","76.2592","1","90818.98","17","","0","","","","DFO","401"
"UEI-DFO-FL-1990-0002","1990-10-05","1990-05-13","Diffing the dates","Tropical cyclone","","","","16.2843","80.6926","1","267344.4","430","","470000","","","","DFO","411"
"UEI-DFO-FL-1990-0003","1990-06-13","1990-06-18","5","Monsoonal rain","","","","26.7553","92.7754","2","53045.31","21","","0","","","","DFO","419"
"UEI-DFO-FL-1990-0004","1990-03-07","1990-07-24","139","Monsoonal rain","","","","26.7055","78.8703","1","1100663.3","425","","63517","","","","DFO","431"
"UEI-DFO-FL-1990-0005","1990-08-13","1990-08-14","1","Heavy rain","","","","27.5435","80.6956","1","284926.61","17","","0","","","","DFO","447"
"UEI-DFO-FL-1990-0006","1990-08-19","1990-08-25","6","Monsoonal rain","","","","22.4257","71.3244","1","186161.6","50","","0","","","","DFO","450"
"UEI-DFO-FL-1990-0007","1990-10-17","1990-10-18","1","Heavy rain","","","","26.0747","92.817","1","93839.75","10","","6000","","","","DFO","472"
"UEI-DFO-FL-1990-0008","1990-10-24","1990-10-28","4","Monsoonal rain","","","","11.3982","77.0504","1","13576.31","44","","0","","","","DFO","474"
"UEI-DFO-FL-1991-0001","1991-07-05","1991-11-05","123","Tropical cyclone","","","","24.4696","92.4232","1","26042.82","13","","25000","","","","DFO","510"
"UEI-DFO-FL-1991-0002","1991-10-06","1991-12-06","61","Monsoonal rain","","","","15.733","73.7324","2","491361.5","72","","300000","","","","DFO","521"
"UEI-DFO-FL-1991-0003","1991-07-13","1991-07-19","6","Monsoonal rain","","","","26.6059","92.9592","1","55550.83","25","","400000","","","","DFO","539"
"UEI-DFO-FL-1991-0004","1991-07-29","1991-07-31","2","Monsoonal rain","","","","20.9474","79.1574","1","47249.13","500","","6000","","","","DFO","553"
"UEI-DFO-FL-1991-0005","1991-08-14","1991-08-18","4","Heavy rain","","","","20.2047","84.4178","1","151947.06","15","","0","","","","DFO","570"
"UEI-DFO-FL-1991-0006","1991-08-15","1991-08-29","14","Monsoonal rain","","","","28.3671","81.0334","1","547679.02","88","","0","","","","DFO","571"
"UEI-DFO-FL-1991-0007","1991-01-09","1991-09-14","248","Monsoonal rain","","","","24.707","85.7348","1","170873.64","0","","87500","","","","DFO","578"
"UEI-DFO-FL-1991-0008","1991-09-14","1991-09-15","1","Monsoonal rain","","","","24.3395","87.8328","1","91960.65","21","","0","","","","DFO","585"
"UEI-DFO-FL-1991-0009","1991-11-13","1991-11-18","5","Heavy rain","","","","14.0025","79.4752","1","599564.89","90","","85000","","","","DFO","598"
"UEI-DFO-FL-1992-0001","1992-06-15","1992-07-23","38","Monsoonal rain","","","","16.5216","75.9695","1","752428.66","90","","8000","","","","DFO","656"
"UEI-DFO-FL-1992-0002","1992-10-07","1992-07-20","Diffing the dates","Heavy rain","","","","26.9122","94.46","1","28221.72","0","","0","","","","DFO","667"
"UEI-DFO-FL-1992-0003","1992-07-26","1992-07-08","Diffing the dates","Monsoonal rain","","","","20.5033","86.0449","1","44021.23","16","","0","","","","DFO","672"
"UEI-DFO-FL-1992-0004","1992-01-08","1992-03-09","61","Monsoonal rain","","","","24.8678","80.7003","1","518125.28","40","","2000","","","","DFO","675"
"UEI-DFO-FL-1992-0005","1992-12-09","1992-11-20","Diffing the dates","Tropical cyclone","","","","13.0242","78.8487","2","552562.43","263","","20000","","","","DFO","694"
"UEI-DFO-FL-1993-0001","1993-04-06","1993-06-22","77","Monsoonal rain","","","","24.9382","92.0974","1","259045.68","238","","950000","","","","DFO","747"
"UEI-DFO-FL-1993-0002","1993-08-07","1993-08-13","6","Monsoonal rain","","","","25.1622","89.7567","2","531506.66","3083","","9370926","","","","DFO","757"
"UEI-DFO-FL-1993-0003","1993-09-09","1993-09-17","8","Heavy rain","","","","27.9917","78.9675","1","65928.48","232","","4590","","","","DFO","778"
"UEI-DFO-FL-1993-0004","1993-11-10","1993-10-21","Diffing the dates","Torrential rain","","","","13.407","75.4042","1","40595.2","35","","40000","","","","DFO","791"
"UEI-DFO-FL-1993-0005","1993-10-11","1993-11-14","34","Heavy rain","","","","11.054","77.5024","1","40501.37","95","","0","","","","DFO","798"
"UEI-DFO-FL-1993-0006","1993-04-12","1993-12-15","247","Tropical cyclone","","","","12.5851","79.9572","1","7968.64","70","","45000","","","","DFO","804"
"UEI-DFO-FL-1994-0001","1994-01-07","1994-07-24","198","Monsoonal rain","","","","20.6258","76.6191","1","1981837.41","617","","800000","","","","DFO","855"
"UEI-DFO-FL-1994-0002","1994-03-07","1994-12-07","275","Monsoonal rain","","","","31.7869","77.252","1","52338.52","60","","0","","","","DFO","858"
"UEI-DFO-FL-1994-0003","1994-04-08","1994-11-08","214","Monsoonal rain","","","","27.586","80.6237","1","292130.64","53","","3000","","","","DFO","879"
"UEI-DFO-FL-1994-0004","1994-08-08","1994-10-08","61","Torrential rain","","","","31.7821","76.9177","1","16795.7","11","","0","","","","DFO","880"
"UEI-DFO-FL-1994-0005","1994-08-20","1994-08-23","3","Torrential rain","","","","31.7668","77.27","1","14450.04","9","","0","","","","DFO","887"
"UEI-DFO-FL-1994-0006","1994-08-26","1994-02-09","Diffing the dates","Monsoonal rain","","","","20.7866","79.2684","1","44159.25","26","","0","","","","DFO","892"
"UEI-DFO-FL-1994-0007","1994-08-31","1994-05-09","Diffing the dates","Monsoonal rain","","","","31.5294","77.0555","1","5275.13","20","","0","","","","DFO","894"
"UEI-DFO-FL-1994-0008","1994-02-09","1994-07-09","150","Monsoonal rain","","","","20.1358","84.4369","1","154649.2","0","","0","","","","DFO","895"
"UEI-DFO-FL-1994-0009","1994-10-27","1994-10-31","4","Tropical cyclone","","","","10.7214","78.7248","1","89229.9","40","","0","","","","DFO","909"
"UEI-DFO-FL-1994-0010","1994-10-30","1994-04-11","Diffing the dates","Tropical cyclone","","","","16.2498","80.0422","1","110657.58","230","","16000","","","","DFO","911"
"UEI-DFO-FL-1995-0001","1995-02-06","1995-03-06","28","Heavy rain","","","","23.2582","92.8575","1","20147.72","40","","3200","","","","DFO","959"
"UEI-DFO-FL-1995-0002","1995-06-20","1995-06-23","3","Monsoonal rain","","","","26.0363","92.8902","1","102906.11","17","","1000000","","","","DFO","963"
"UEI-DFO-FL-1995-0003","1995-01-09","1995-09-20","254","Monsoonal rain","","","","28.2424","76.8263","1","762936.89","600","","2000000","","","","DFO","990"
"UEI-DFO-FL-1995-0004","1995-05-09","1995-08-09","92","Monsoonal rain","","","","27.5887","88.4616","1","6520.57","35","","0","","","","DFO","992"
"UEI-DFO-FL-1995-0005","1995-09-26","1995-02-10","Diffing the dates","Monsoonal rain","","","","22.4615","87.3749","1","308073.2","144","","510000","","","","DFO","1010"
"UEI-DFO-FL-1995-0006","1995-10-20","1995-10-23","3","Tropical cyclone","","","","16.4132","80.612","1","262803.2","94","","12000","","","","DFO","1027"
"UEI-DFO-FL-1996-0001","1996-10-06","1996-06-30","Diffing the dates","Monsoonal rain","","","","26.5766","73.762","1","328726.92","63","","20000","","","","DFO","1080"
"UEI-DFO-FL-1996-0002","1996-10-07","1996-07-24","Diffing the dates","Monsoonal rain","","","","27.4105","92.3599","1","128966.83","82","","3000000","","","","DFO","1088"
"UEI-DFO-FL-1996-0003","1996-07-17","1996-10-08","83","Heavy rain","","","","24.7685","85.6883","1","171939.46","74","","4000000","","","","DFO","1090"
"UEI-DFO-FL-1996-0004","1996-10-21","1996-10-25","4","Heavy Rain","","","","15.0341","78.7288","1","177527.02","326","","100000","","","","DFO","1125"
"UEI-DFO-FL-1996-0005","1996-06-11","1996-10-11","122","Tropical Cyclone","","","","17.0009","81.7657","2","21445.46","2500","","140000","","","","DFO","1128"
"UEI-DFO-FL-1997-0001","1997-01-08","1997-11-08","304","Monsoonal rain","","","","24.0572","86.2554","1","201818.75","24","","100000","","","","DFO","1168"
"UEI-DFO-FL-1997-0002","1997-08-08","1997-08-14","6","Monsoonal rain","","","","31.7905","77.3409","1","57530.65","200","","0","","","","DFO","1172"
"UEI-DFO-FL-1997-0003","1997-06-22","1997-08-26","65","Monsoonal rain","","","","22.4404","71.3091","1","183142.55","273","","20000","","","","DFO","1232"
"UEI-DFO-FL-1997-0004","1997-05-07","1997-07-22","76","Monsoonal rain","","","","9.49041","76.6811","1","233024.37","100","","0","","","","DFO","1256"
"UEI-DFO-FL-1997-0005","1997-05-07","1997-07-14","68","Monsoonal rain","","","","26.0909","92.9144","1","70603.06","97","","0","","","","DFO","1258"
"UEI-DFO-FL-1997-0006","1997-08-22","1997-08-26","4","Monsoonal rain","","","","33.9398","74.8298","1","40014.04","26","","0","","","","DFO","1265"
"UEI-DFO-FL-1997-0007","1997-08-19","1997-08-24","5","Monsoonal rain","","","","18.8234","75.4418","1","228334.99","50","","10000","","","","DFO","1267"
"UEI-DFO-FL-1997-0008","1997-09-19","1997-09-24","5","Tropical cyclone","","","","16.9874","82.1012","1","80644.64","32","","20000","","","","DFO","1275"
"UEI-DFO-FL-1997-0009","1997-04-12","1997-09-12","153","Monsoonal rain","","","","13.8493","78.9883","1","384888.4","6","","0","","","","DFO","1295"
"UEI-DFO-FL-1998-0001","1998-09-06","1998-11-06","61","Extra-tropical cyclone","","","","24.0181","68.8677","1","4931.72","1126","","15000","","","","DFO","1383"
"UEI-DFO-FL-1998-0002","1998-09-16","1998-09-18","2","Dam/Levy, break or release","","","","20.4037","74.4164","1","214517.36","12","","50000","","","","DFO","1444"
"UEI-DFO-FL-1998-0003","1998-01-10","1998-10-20","283","Heavy rain","","","","16.1464","79.4042","1","194230.08","230","","80000","","","","DFO","1457"
"UEI-DFO-FL-1999-0001","1999-09-24","1999-09-29","5","Torrential rain","","","","23.3997","88.9474","1","168965.63","45","","0","","","","DFO","1559"
"UEI-DFO-FL-1999-0002","1999-10-29","1999-12-11","43","Tropical cyclone","","","","21.1735","85.3527","2","191940.24","9803","","10000000","","","","DFO","1567"
"UEI-DFO-FL-2000-0001","2000-10-06","2000-06-16","Diffing the dates","Dam/Levy, break or release","","","","27.4268","94.7981","2","55286.73","30","","50000","","","","DFO","1606"
"UEI-DFO-FL-2000-0002","2000-07-31","2000-04-08","Diffing the dates","Torrential rain","","","","31.806","77.6925","1","12415.81","140","","4000","","","","DFO","1616"
"UEI-DFO-FL-2000-0003","2000-02-08","2000-08-30","204","Monsoonal rain","","","","27.094","94.643","1","326457.88","637","","10504000","","","","DFO","1617"
"UEI-DFO-FL-2000-0004","2000-08-23","2000-08-31","8","Torrential rain","","","","17.1335","79.2098","2","129459.76","162","","3000000","","","","DFO","1623"
"UEI-DFO-FL-2000-0005","2000-08-29","2000-09-14","16","Monsoonal rain","","","","26.9607","80.4678","1","223178.01","578","","0","","","","DFO","1626"
"UEI-DFO-FL-2000-0006","2000-08-30","2000-01-09","Diffing the dates","Heavy rain","","","","19.9343","80.0385","1","36854.1","40","","5000","","","","DFO","1628"
"UEI-DFO-FL-2000-0007","2000-09-18","2000-10-21","33","Monsoonal rain","","","","24.0841","88.5453","2","155000.88","1468","","24000000","","","","DFO","1641"
"UEI-DFO-FL-2000-0008","2000-07-17","2000-07-30","13","Monsoonal rain","","","","15.811","74.5207","1","107052.9","140","","0","","","","DFO","1615"
"UEI-DFO-FL-2001-0001","2001-05-06","2001-06-22","47","Monsoonal rain","","","","24.4457","92.0058","1","17561.54","15","","800000","","","","DFO","1731"
"UEI-DFO-FL-2001-0002","2001-06-20","2001-06-21","1","Monsoonal rain","","","","22.8284","71.2868","1","38728.34","29","","0","","","","DFO","1737"
"UEI-DFO-FL-2001-0003","2001-04-07","2001-07-16","100","Monsoonal rain","","","","9.72651","76.423","1","4467.85","86","","40000","","","","DFO","1744"
"UEI-DFO-FL-2001-0004","2001-08-07","2001-10-08","62","Monsoonal rain","","","","21.0559","84.7987","2","105057.29","100","","2000000","","","","DFO","1747"
"UEI-DFO-FL-2001-0005","2001-07-16","2001-07-16","0","Torrential rain","","","","30.7738","79.8583","1","2458.01","26","","0","","","","DFO","1753"
"UEI-DFO-FL-2001-0006","2001-08-14","2001-08-15","1","Heavy rain","","","","32.6061","76.1481","1","3009.11","16","","0","","","","DFO","1779"
"UEI-DFO-FL-2001-0007","2001-08-20","2001-11-09","81","Heavy rain","","","","26.7556","83.0513","1","35442.06","65","","300000","","","","DFO","1789"
"UEI-DFO-FL-2001-0008","2001-07-09","2001-09-24","77","Heavy rain","","","","26.5321","84.87","1","30123.95","146","","30000","","","","DFO","1791"
"UEI-DFO-FL-2001-0009","2001-09-30","2001-02-10","Diffing the dates","Torrential rain","","","","16.746","79.1214","1","44526.51","12","","9000","","","","DFO","1803"
"UEI-DFO-FL-2001-0010","2001-10-16","2001-10-21","5","Heavy rain","","","","14.8405","79.054","1","87384.5","143","","50000","","","","DFO","1811"
"UEI-DFO-FL-2002-0001","2002-02-02","2002-05-02","89","Heavy rain","","","","10.4517","78.7843","1","35586.88","11","","0","","","","DFO","1871"
"UEI-DFO-FL-2002-0002","2002-06-16","2002-06-22","6","Monsoonal rain","","","","27.8034","95.3833","1","3790.23","0","","25000","","","","DFO","1952"
"UEI-DFO-FL-2002-0003","2002-06-25","2002-06-26","1","Dam/Levy, break or release","","","","22.342","88.9351","1","41.7932","4","","11000","","","","DFO","1967"
"UEI-DFO-FL-2002-0004","2002-06-26","2002-03-07","Diffing the dates","Monsoonal rain","","","","20.8681","73.6623","1","170587.72","169","","28000","","","","DFO","1969"
"UEI-DFO-FL-2002-0005","2002-06-21","2002-08-28","68","Monsoonal rain","","","","25.8418","89.2696","1","276609.37","503","","15000000","","","","DFO","1974"
"UEI-DFO-FL-2002-0006","2002-11-08","2002-08-13","Diffing the dates","Heavy rain","","","","30.5622","78.5235","1","6762.02","33","","0","","","","DFO","2027"
"UEI-DFO-FL-2002-0007","2002-03-09","2002-06-09","92","Monsoonal rain","","","","21.5391","73.2201","1","78978.7","22","","5000","","","","DFO","2049"
"UEI-DFO-FL-2002-0008","2002-10-10","2002-10-16","6","Monsoonal rain","","","","11.8739","75.527","1","9745.41","11","","0","","","","DFO","2069"
"UEI-DFO-FL-2002-0009","2002-10-31","2002-04-11","Diffing the dates","Heavy rain","","","","10.9485","79.0643","1","22713.01","20","","300","","","","DFO","2081"
"UEI-DFO-FL-2003-0001","2003-06-21","2003-06-24","3","Monsoonal rain","","","","12.9158","74.9274","1","766.522","4","","0","","","","DFO","2258"
"UEI-DFO-FL-2003-0002","2003-06-20","2003-06-26","6","Monsoonal rain","","","","21.3961","73.44","1","37685.27","4","","0","","","","DFO","2260"
"UEI-DFO-FL-2003-0003","2003-07-29","2003-02-08","Diffing the dates","Monsoonal rain","","","","21.9811","73.9596","1","12776.68","2","","14000","","","","DFO","2299"
"UEI-DFO-FL-2003-0004","2003-07-29","2003-03-08","Diffing the dates","Monsoonal rain","","","","19.1881","79.2948","1.5","21087.65","2","","14000","","","","DFO","2312"
"UEI-DFO-FL-2003-0005","2003-08-27","2003-10-20","54","Monsoonal rain","","","","20.6258","85.8936","1","117883.62","67","","3000000","","","","DFO","2338"
"UEI-DFO-FL-2004-0001","2004-09-06","2004-11-06","61","Monsoonal rain","","","","12.1226","75.4747","1","8999.41","45","","1000","","","","DFO","2496"
"UEI-DFO-FL-2004-0002","2004-06-20","2004-07-10","20","Monsoonal rain","","","","25.4989","85.8918","2","1162598.06","3000","","40000000","","","","DFO","2507"
"UEI-DFO-FL-2004-0003","2004-01-08","2004-08-09","214","Monsoonal rain","","","","21.0247","73.7641","1","638379.86","210","","100000","","","","DFO","2541"
"UEI-DFO-FL-2004-0004","2004-07-10","2004-10-18","100","Heavy rain","","","","24.6862","89.4002","1","161739.65","210","","100000","","","","DFO","2570"
"UEI-DFO-FL-2005-0001","2005-06-26","2005-06-29","3","Heavy rain","","","","31.6718","78.4423","1","6530.74","6","","5000","","","","DFO","2678"
"UEI-DFO-FL-2005-0002","2005-06-28","2005-07-15","17","Monsoonal rain","","","","21.433","73.0739","2","73780.97","202","","500000","","","","DFO","2680"
"UEI-DFO-FL-2005-0003","2005-06-29","2005-03-07","Diffing the dates","Monsoonal rain","","","","20.9765","86.4305","1","6802.76","1","","140000","","","","DFO","2682"
"UEI-DFO-FL-2005-0004","2005-02-07","2005-07-15","158","Monsoonal rain","","","","24.1288","80.1999","1","55740.23","62","","49000","","","","DFO","2686"
"UEI-DFO-FL-2005-0005","2005-07-07","2005-07-27","20","Monsoonal rain","","","","27.4363","87.0126","1","823461.88","40","","3000000","","","","DFO","2690"
"UEI-DFO-FL-2005-0006","2005-07-24","2005-05-08","Diffing the dates","Monsoonal rain","","","","17.9836","73.435","1","35551.57","987","","160000","","","","DFO","2697"
"UEI-DFO-FL-2005-0007","2005-07-23","2005-08-16","24","Monsoonal rain","","","","16.9772","79.9654","1","619197.82","126","","100000","","","","DFO","2698"
"UEI-DFO-FL-2005-0008","2005-07-30","2005-03-08","Diffing the dates","Monsoonal rain","","","","20.9915","86.2759","1","11721.28","8","","344857","","","","DFO","2700"
"UEI-DFO-FL-2005-0009","2005-08-26","2005-08-30","4","Heavy rain","","","","25.886","83.2115","1","12677.59","21","","0","","","","DFO","2718"
"UEI-DFO-FL-2005-0010","2005-09-14","2005-09-30","16","Heavy rain","","","","21.1139","82.5389","1","374448.85","89","","550000","","","","DFO","2728"
"UEI-DFO-FL-2005-0011","2005-09-16","2005-05-10","Diffing the dates","Monsoonal rain","","","","28.1973","79.3734","1","308728.72","23","","0","","","","DFO","2731"
"UEI-DFO-FL-2005-0012","2005-09-22","2005-11-10","49","Heavy rain","","","","21.7139","73.4733","1","53194.83","15","","0","","","","DFO","2734"
"UEI-DFO-FL-2005-0013","2005-10-21","2005-10-28","7","Heavy rain","","","","21.9409","87.9347","1","29111.38","13","","3000000","","","","DFO","2754"
"UEI-DFO-FL-2005-0014","2005-10-23","2005-09-12","Diffing the dates","Monsoonal rain","","","","11.7804","78.7317","1","131307.99","279","","300000","","","","DFO","2758"
"UEI-DFO-FL-2006-0001","2006-04-15","2006-04-18","3","Heavy rain","","","","17.4335","82.8115","1","190869.85","20","","0","","","","DFO","2844"
"UEI-DFO-FL-2006-0002","2006-05-31","2006-04-06","Diffing the dates","Monsoonal rain","","","","18.7332","75.2343","1","394010.74","41","","0","","","","DFO","2876"
"UEI-DFO-FL-2006-0003","2006-05-25","2006-02-06","Diffing the dates","Monsoonal rain","","","","10.5443","76.0498","2","42686.92","32","","10800","","","","DFO","2878"
"UEI-DFO-FL-2006-0004","2006-05-31","2006-07-24","54","Monsoonal rain","","","","26.5993","94.0245","1","185348.84","21","","600000","","","","DFO","2879"
"UEI-DFO-FL-2006-0005","2006-06-24","2006-03-08","Diffing the dates","Monsoonal rain","","","","25.6151","83.6713","1","506577.31","160","","0","","","","DFO","2894"
"UEI-DFO-FL-2006-0006","2006-03-07","2006-08-07","153","Monsoonal rain","","","","19.1719","83.6477","1","31360.94","33","","0","","","","DFO","2909"
"UEI-DFO-FL-2006-0007","2006-03-07","2006-06-07","92","Monsoonal rain","","","","19.1028","72.8816","1","393.774","9","","0","","","","DFO","2910"
"UEI-DFO-FL-2006-0008","2006-04-07","2006-07-07","91","Heavy rain","","","","22.4114","71.3097","1","170055.89","24","","8400","","","","DFO","2911"
"UEI-DFO-FL-2006-0009","2006-07-28","2006-12-09","134","Monsoonal rain","","","","20.1943","73.8242","2","681019.56","457","","140000","","","","DFO","2935"
"UEI-DFO-FL-2006-0010","2006-01-08","2006-10-09","274","Monsoonal rain","","","","18.1046","81.5288","1","302774.27","185","","2000000","","","","DFO","2940"
"UEI-DFO-FL-2006-0011","2006-08-29","2006-04-09","Diffing the dates","Monsoonal rain","","","","27.5853","81.5174","1","32712.75","42","","50000","","","","DFO","2956"
"UEI-DFO-FL-2006-0012","2006-08-31","2006-11-09","70","Monsoonal rain","","","","32.8864","73.8842","1","141449.13","39","","3000","","","","DFO","2958"
"UEI-DFO-FL-2006-0013","2006-09-18","2006-05-10","Diffing the dates","Monsoonal rain","","","","19.73","83.7466","1","606979.95","250","","50000","","","","DFO","2965"
"UEI-DFO-FL-2006-0014","2006-10-26","2006-04-11","Diffing the dates","Monsoonal rain","","","","14.1349","79.9324","1","40094.93","47","","225000","","","","DFO","2985"
"UEI-DFO-FL-2007-0001","2007-03-20","2007-03-31","11","Heavy rain","","","","33.4819","74.2156","1","68107.39","12","","2000","","","","DFO","3042"
"UEI-DFO-FL-2007-0002","2007-06-18","2007-06-26","8","Monsoonal rain","","","","26.2558","94.0189","1","74887.52","15","","200000","","","","DFO","3104"
"UEI-DFO-FL-2007-0003","2007-06-22","2007-04-07","Diffing the dates","Monsoonal rain","","","","14.945","78.1615","1","450564.36","127","","200000","","","","DFO","3107"
"UEI-DFO-FL-2007-0004","2007-06-30","2007-07-13","13","Monsoonal rain","","","","20.0539","81.8601","1","248438.85","29","","50000","","","","DFO","3118"
"UEI-DFO-FL-2007-0005","2007-01-07","2007-06-07","151","Monsoonal rain","","","","21.0263","77.5237","1","106578.44","62","","10000","","","","DFO","3119"
"UEI-DFO-FL-2007-0006","2007-01-07","2007-07-13","187","Monsoonal rain","","","","22.0231","72.2495","1","398939.17","225","","63000","","","","DFO","3120"
"UEI-DFO-FL-2007-0007","2007-03-07","2007-09-22","199","Monsoonal rain","","","","22.6315","88.4871","1.5","517303.2","958","","3000000","","","","DFO","3122"
"UEI-DFO-FL-2007-0008","2007-12-07","2007-10-10","Diffing the dates","Monsoonal rain","","","","27.5773","95.263","1","103551.73","96","","11100000","","","","DFO","3128"
"UEI-DFO-FL-2007-0009","2007-07-16","2007-07-20","4","Monsoonal rain","","","","10.3906","76.3115","1","24124.3","44","","35000","","","","DFO","3131"
"UEI-DFO-FL-2007-0010","2007-03-08","2007-08-27","172","Monsoonal rain","","","","20.4525","86.1978","1","15363.99","15","","20000","","","","DFO","3150"
"UEI-DFO-FL-2007-0011","2007-08-08","2007-08-15","7","Monsoonal rain","","","","22.6824","70.925","1","133805.7","12","","0","","","","DFO","3160"
"UEI-DFO-FL-2007-0012","2007-12-08","2007-08-17","Diffing the dates","Monsoonal rain","","","","31.2388","76.5268","1","191449.95","76","","15000","","","","DFO","3164"
"UEI-DFO-FL-2007-0013","2007-09-16","2007-07-10","Diffing the dates","Monsoonal rain","","","","15.7067","79.878","1","90279.71","94","","20000","","","","DFO","3191"
"UEI-DFO-FL-2007-0014","2007-09-22","2007-08-10","Diffing the dates","Heavy rain","","","","20.9096","86.4033","1","72007.74","80","","400000","","","","DFO","3195"
"UEI-DFO-FL-2007-0015","2007-10-17","2007-10-24","7","Heavy rain","","","","24.7214","93.9705","1.5","10886.11","2","","30000","","","","DFO","3208"
"UEI-DFO-FL-2007-0016","2007-10-27","2007-01-11","Diffing the dates","Heavy rain","","","","12.725","79.7002","1","76740.36","29","","50000","","","","DFO","3217"
"UEI-DFO-FL-2008-0001","2008-03-20","2008-03-27","7","Heavy rain","","","","10.762","78.7172","1","144329.28","37","","10000","","","","DFO","3286"
"UEI-DFO-FL-2008-0002","2008-05-24","2008-05-28","4","Heavy rain","","","","26.4","93.755","1","62279.3","0","","0","","","","DFO","3312"
"UEI-DFO-FL-2008-0003","2008-11-06","2008-03-07","Diffing the dates","Heavy Rain","","","","22.1496","110.224","1.5","79368.52","65","","500000","","","","DFO","3319"
"UEI-DFO-FL-2008-0004","2008-05-07","2008-07-14","68","Monsoonal rain","","","","25.2411","90.1201","1.5","426531.54","350","","70000","","","","DFO","3327"
"UEI-DFO-FL-2008-0005","2008-07-20","2008-08-08","19","Monsoonal rain","","","","27.4995","89.7871","2","283806.15","142","","225000","","","","DFO","3338"
"UEI-DFO-FL-2008-0006","2008-05-08","2008-11-08","184","Monsoonal rain","","","","16.6523","81.3801","1.5","75487.93","74","","0","","","","DFO","3356"
"UEI-DFO-FL-2008-0007","2008-08-30","2008-08-09","Diffing the dates","Monsoonal rain","","","","27.0442","94.5503","1.5","80590.45","900","","1000000","","","","DFO","3372"
"UEI-DFO-FL-2008-0008","2008-09-22","2008-09-29","7","Dam/Levy, break or release","","","","20.9522","84.4064","2","464318","2400","","0","","","","DFO","3382"
"UEI-DFO-FL-2009-0001","2009-01-07","2009-06-07","151","Heavy Rain","","","","20.2249","84.7692","1","99876.58","0","","500000","","","","DFO","3497"
"UEI-DFO-FL-2009-0002","2009-11-07","2009-07-17","Diffing the dates","Heavy Rain","","","","15.3059","74.7271","1","63616.23","0","","0","","","","DFO","3504"
"UEI-DFO-FL-2009-0003","2009-03-07","2009-06-07","92","Torrential rain","","","","27.481","93.8215","1","128962.3","6","","0","","","","DFO","3496"
"UEI-DFO-FL-2009-0004","2009-01-08","2009-04-08","90","Dam/Levy, break or release","","","","26.5","85.5","1.5","21198.81","0","","3000","","","","DFO","3519"
"UEI-DFO-FL-2009-0005","2009-08-15","2009-08-27","12","Dam/Levy, break or release","","","","27.629","80.7483","1","84897.57","14","","1000000","","","","DFO","3529"
"UEI-DFO-FL-2009-0006","2009-08-18","2009-08-27","9","Monsoonal rain","","","","26.8177","94.143","1","72244.8","0","","300000","","","","DFO","3530"
"UEI-DFO-FL-2009-0007","2009-06-09","2009-10-09","122","Dam/Levy, break or release","","","","22.5263","88.0605","2","25504.05","0","","37000","","","","DFO","3539"
"UEI-DFO-FL-2009-0008","2009-09-25","2009-12-10","76","Heavy Rain","","","","15.7081","78.233","2","309688.88","303","","0","","","","DFO","3551"
"UEI-DFO-FL-2009-0009","2009-03-11","2009-08-11","153","Torrential rain","","","","11.4729","77.8452","1.5","35725.31","70","","0","","","","DFO","3566"
"UEI-DFO-FL-2010-0001","2010-03-24","2010-03-26","2","Monsoonal rain","","","","27.2504","94.6126","1","16885.63","0","","0","","","","DFO","3626"
"UEI-DFO-FL-2010-0002","2010-04-18","2010-04-21","3","Heavy Rain","","","","26.3166","91.8623","2","13472.46","0","","300","","","","DFO","3636"
"UEI-DFO-FL-2010-0003","2010-05-15","2010-06-26","42","Monsoonal rain","","","","26.6381","93.1226","1.5","23813.35","0","","10000","","","","DFO","3650"
"UEI-DFO-FL-2010-0004","2010-05-18","2010-05-24","6","Heavy rain","","","","15.2182","79.4844","1","63171.41","27","","50000","","","","DFO","3652"
"UEI-DFO-FL-2010-0005","2010-05-07","2010-07-15","69","Monsoonal rain","","","","30.1895","74.7785","1","147437.23","98","","523000","","","","DFO","3674"
"UEI-DFO-FL-2010-0006","2010-12-07","2010-07-14","Diffing the dates","Monsoonal rain","","","","25.5869","86.1983","1","192748.71","0","","5000","","","","DFO","3682"
"UEI-DFO-FL-2010-0007","2010-06-08","2010-08-08","61","Torrential rain","","","","33.5267","76.1256","1.5","145020.41","150","","180","","","","DFO","3700"
"UEI-DFO-FL-2010-0008","2010-05-09","2010-09-28","142","Torrential rain","","","","25.965","76.05","1","10843.63","0","","12500","","","","DFO","3710"
"UEI-DFO-FL-2010-0009","2010-01-09","2010-09-17","251","Monsoonal rain","","","","16.29","80.055","1.5","15951.54","0","","78000","","","","DFO","3712"
"UEI-DFO-FL-2010-0010","2010-05-09","2010-09-17","131","Torrential rain","","","","26.235","92.25","1.5","12555.81","1","","30000","","","","DFO","3713"
"UEI-DFO-FL-2010-0011","2010-09-18","2010-09-30","12","Monsoonal rain","","","","26.73","82.845","1.5","38537.96","88","","15000","","","","DFO","3717"
"UEI-DFO-FL-2010-0012","2010-09-18","2010-09-20","2","Monsoonal rain","","","","25.695","87.75","1","11289.64","0","","0","","","","DFO","3718"
"UEI-DFO-FL-2010-0013","2010-11-15","2010-07-12","Diffing the dates","Monsoonal rain","","","","9.88679","78.4773","1.5","57474.5","170","","0","","","","DFO","3757"
"UEI-DFO-FL-2011-0001","2011-01-06","2011-06-13","158","Monsoonal rain","","","","10.8365","76.7588","1","20807.38","4","","500","","","","DFO","3816"
"UEI-DFO-FL-2011-0002","2011-06-18","2011-06-21","3","Torrential rain","","","","20.7933","85.8723","1","41239.79","5","","0","","","","DFO","3825"
"UEI-DFO-FL-2011-0003","2011-01-07","2011-07-22","196","Monsoonal rain","","","","26.0844","86.1969","1","42377.33","0","","3000","","","","DFO","3834"
"UEI-DFO-FL-2011-0004","2011-01-07","2011-07-22","196","Monsoonal rain","","","","27.3624","94.0349","1","27203.38","0","","0","","","","DFO","3835"
"UEI-DFO-FL-2011-0005","2011-07-23","2011-09-08","47","Dam/Levy, break or release","","","","28.5244","80.9261","1.5","85509.51","19","","200000","","","","DFO","3845"
"UEI-DFO-FL-2011-0006","2011-10-08","2011-09-13","Diffing the dates","Monsoonal rain","","","","22.3056","88.3453","2","28684.15","47","","700000","","","","DFO","3852"
"UEI-DFO-FL-2011-0007","2011-08-15","2011-02-10","Diffing the dates","Monsoonal rain","","","","26.3755","86.2422","2","40941.51","158","","70000","","","","DFO","3854"
"UEI-DFO-FL-2011-0008","2011-08-15","2011-08-09","Diffing the dates","Monsoonal rain","","","","26.5897","92.1815","1.5","50117.38","7","","11000","","","","DFO","3856"
"UEI-DFO-FL-2011-0009","2011-08-25","2011-09-13","19","Monsoonal rain","","","","22.3021","73.9531","1.5","33056.09","0","","5000","","","","DFO","3864"
"UEI-DFO-FL-2011-0010","2011-05-09","2011-02-10","Diffing the dates","Monsoonal rain","","","","20.6511","86.0022","1.5","27751.69","40","","15000","","","","DFO","3866"
"UEI-DFO-FL-2012-0001","2012-06-06","2012-07-16","40","Monsoonal rain","","","","26.5659","92.4354","1.5","29190.16","109","","400000","","","","DFO","3934"
"UEI-DFO-FL-2012-0002","2012-04-07","2012-07-23","107","Monsoonal rain","","","","26.1094","86.557","1","2638.64","9","","1500","","","","DFO","3945"
"UEI-DFO-FL-2012-0003","2012-04-08","2012-06-08","61","Torrential rain","","","","30.1135","78.8529","1.5","31390.53","30","","1200","","","","DFO","3959"
"UEI-DFO-FL-2012-0004","2012-03-08","2012-06-08","92","Monsoonal rain","","","","19.4398","82.3216","1","35689.54","0","","2000","","","","DFO","3960"
"UEI-DFO-FL-2012-0005","2012-08-16","2012-08-20","4","Monsoonal rain","","","","20.9855","82.7962","1","29689.98","1","","210","","","","DFO","3966"
"UEI-DFO-FL-2012-0006","2012-09-16","2012-09-18","2","Torrential rain","","","","31.3063","76.8569","2","37710.76","45","","200","","","","DFO","3983"
"UEI-DFO-FL-2012-0007","2012-09-19","2012-10-15","26","Monsoonal rain","","","","26.8031","93.6379","2","42597.57","21","","2000000","","","","DFO","3987"
"UEI-DFO-FL-2012-0008","2012-04-11","2012-08-11","122","Tropical cyclone","","","","11.8283","78.8042","2","126082.83","40","","70000","","","","DFO","4001"
"UEI-DFO-FL-2013-0001","2013-12-06","2013-06-27","Diffing the dates","Monsoonal rain","","","","32.7135","76.6135","1.5","131743.41","5748","","75000","","","","DFO","4065"
"UEI-DFO-FL-2013-0002","2013-11-06","2013-06-18","Diffing the dates","Monsoonal rain","","","","21.9781","82.5285","1","152700.5","0","","8000","","","","DFO","4067"
"UEI-DFO-FL-2013-0003","2013-06-23","2013-07-15","22","Monsoonal rain","","","","27.387","94.9182","2","38019.26","80","","2000000","","","","DFO","4069"
"UEI-DFO-FL-2013-0004","2013-12-10","2013-10-14","Diffing the dates","Tropical cyclone","","","","21.2719","84.2495","2","246385.23","27","","250000","","","","DFO","4091"
"UEI-DFO-FL-2013-0005","2013-12-10","2013-10-11","Diffing the dates","Heavy Rain","","","","24.7174","85.9321","1.5","102661.14","7","","0","","","","DFO","4098"
"UEI-DFO-FL-2014-0001","2014-06-23","2014-06-25","2","Monsoonal rain","","","","27.8115","94.716","1","49220.53","0","","10000","","","","DFO","4154"
"UEI-DFO-FL-2014-0002","2014-07-20","2014-07-29","9","Monsoonal rain","","","","20.7752","84.1258","1","189576.05","6","","15000","","","","DFO","4165"
"UEI-DFO-FL-2014-0003","2014-11-08","2014-08-09","Diffing the dates","Monsoonal rain","","","","27.3852","79.7586","1.5","107474.39","31","","4000","","","","DFO","4171"
"UEI-DFO-FL-2014-0004","2014-08-14","2014-08-09","Diffing the dates","Monsoonal rain","","","","26.1795","86.2537","1.5","62650.8","0","","10000","","","","DFO","4174"
"UEI-DFO-FL-2014-0005","2014-08-15","2014-08-09","Diffing the dates","Monsoonal rain","","","","27.6132","94.6542","1","44290.91","1","","75000","","","","DFO","4176"
"UEI-DFO-FL-2014-0006","2014-09-24","2014-11-10","47","Monsoonal rain","","","","26.7465","92.4891","1.5","61894.97","59","","30000","","","","DFO","4188"
"UEI-DFO-FL-2014-0007","2014-12-10","2014-10-27","Diffing the dates","Tropical cyclone","","","","18.4473","79.6967","1.5","376261.49","42","","0","","","","DFO","4198"
"UEI-DFO-FL-2014-0008","2014-10-22","2014-10-27","5","Monsoonal rain","","","","10.2916","78.2616","1","115476.31","5","","300","","","","DFO","4200"
"UEI-DFO-FL-2015-0001","2015-03-20","2015-03-31","11","Heavy Rain","","","","33.1767","76.4058","1.5","70287.98","44","","2907","","","","DFO","4239"
"UEI-DFO-FL-2015-0002","2015-05-17","2015-05-21","4","Torrential rain","","","","10.7121","79.1771","1","14179.41","8","","200","","","","DFO","4251"
"UEI-DFO-FL-2015-0003","2015-02-06","2015-06-29","143","Monsoonal rain","","","","26.9195","93.8747","1.5","60437.23","3","","9000","","","","DFO","4259"
"UEI-DFO-FL-2015-0004","2015-06-24","2015-06-29","5","Monsoonal rain","","","","21.8734","70.7643","1.5","43781.56","81","","9000","","","","DFO","4265"
"UEI-DFO-FL-2015-0005","2015-07-15","2015-08-19","35","Monsoonal rain","","","","26.2074","82.6165","2","629961.61","206","","300000","","","","DFO","4282"
"UEI-DFO-FL-2015-0006","2015-08-13","2015-11-09","88","Monsoonal rain","","","","26.8946","93.751","1","69190.14","5","","18000","","","","DFO","4288"
"UEI-DFO-FL-2015-0007","2015-10-11","2015-04-12","Diffing the dates","Tropical cyclone","","","","11.8278","78.8554","2","93202.05","180","","400000","","","","DFO","4309"
"UEI-DFO-FL-2016-0001","2016-04-20","2016-01-05","Diffing the dates","Heavy Rain","","","","27.464","95.6068","1.5","70517.68","18","","3000","","","","DFO","4355"
"UEI-DFO-FL-2016-0002","2016-06-29","2016-08-26","58","Monsoonal rain","","","","27.068","93.949","1.5","135742.3","30","","1800","","","","DFO","4371"
"UEI-DFO-FL-2016-0003","2016-07-07","2016-03-08","Diffing the dates","Monsoonal rain","","","","22.8107","80.8349","1.5","167030.23","20","","15000","","","","DFO","4378"
"UEI-DFO-FL-2016-0004","2016-01-08","2016-03-08","60","Monsoonal rain","","","","21.7477","73.4119","1.5","377732.88","20","","0","","","","DFO","4383"
"UEI-DFO-FL-2016-0005","2016-07-15","2016-09-22","69","Monsoonal rain","","","","25.6099","85.1898","1.5","90613.74","127","","377097","","","","DFO","4384"
"UEI-DFO-FL-2016-0006","2016-09-21","2016-10-16","25","Monsoonal rain","","","","17.6536","80.3401","1.5","137435.4","17","","3000","","","","DFO","4405"
"UEI-DFO-FL-2017-0001","2017-02-06","2017-03-07","29","Monsoonal rain","","","","27.6131","94.9387","1","65387.73","6","","113","","","","DFO","4483"
"UEI-DFO-FL-2017-0002","2017-07-15","2017-07-20","5","Monsoonal rain","","","","21.898","70.9375","1","31956.12","94","","3000","","","","DFO","4498"
"UEI-DFO-FL-2017-0003","2017-07-27","2017-10-08","73","Monsoonal rain","","","","22.9061","88.0848","1","43809.39","39","","47000","","","","DFO","4499"
"UEI-DFO-FL-2017-0004","2017-10-08","2017-08-26","Diffing the dates","Monsoonal rain","","","","28.1657","79.076","2","421575.24","253","","422106","","","","DFO","4507"
"UEI-DFO-FL-2017-0005","2017-10-30","2017-08-11","Diffing the dates","Heavy Rain","","","","10.489","79.0039","1.5","50536.26","4","","4000","","","","DFO","4532"
"UEI-DFO-FL-2018-0001","2018-05-29","2018-05-30","1","Torrential rain","","","","14.3584","75.4408","1.5","116730.41","3","","300","","","","DFO","4622"
"UEI-DFO-FL-2018-0002","2018-12-06","2018-06-20","Diffing the dates","Monsoonal rain","","","","26.8948","93.3551","1.5","209440.59","20","","800000","","","","DFO","4634"
"UEI-DFO-FL-2018-0003","2018-06-25","2018-11-07","135","Monsoonal rain","","","","33.3752","75.1439","1","25994.04","3","","0","","","","DFO","4640"
"UEI-DFO-FL-2018-0004","2018-06-22","2018-02-07","Diffing the dates","Monsoonal rain","","","","20.9795","73.783","1","57211.12","20","","0","","","","DFO","4641"
"UEI-DFO-FL-2018-0005","2018-06-07","2018-11-07","153","Monsoonal rain","","","","19.5656","74.5501","1.5","116871.19","1","","300","","","","DFO","4644"
"UEI-DFO-FL-2018-0006","2018-09-07","2018-07-19","Diffing the dates","Monsoonal rain","","","","12.5238","75.6883","1.5","153840.07","12","","34000","","","","DFO","4656"
"UEI-DFO-FL-2018-0007","2018-07-08","2018-10-08","92","Monsoonal rain","","","","9.39943","76.7275","1.5","24440.47","20","","1000","","","","DFO","4663"
"UEI-DFO-FL-2018-0008","2018-02-08","2018-10-08","242","Monsoonal rain","","","","27.2914","94.1222","1.5","73328.62","0","","25000","","","","DFO","4665"
"UEI-DFO-FL-2018-0009","2018-01-09","2018-07-09","181","Monsoonal rain","","","","25.7354","82.4309","1.5","70859.96","20","","1000","","","","DFO","4673"
"UEI-DFO-FL-2018-0010","2018-08-15","2018-07-09","Diffing the dates","Monsoonal rain","","","","26.0513","94.7655","1.5","28864.54","11","","2000","","","","DFO","4675"
"UEI-DFO-FL-2018-0011","2018-09-23","2018-02-10","Diffing the dates","Torrential rain","","","","31.3414","76.6285","1","114348.33","28","","935","","","","DFO","4684"
"UEI-DFO-FL-2018-0012","2018-11-10","2018-12-10","30","Tropical cyclone","","","","17.9","83.3588","1.5","87682.57","7","","300000","","","","DFO","4686"
"UEI-DFO-FL-2019-0001","2019-03-05","2019-07-05","122","Tropical cyclone","","","","21.5427","87.4662","1.5","123330.04","43","","1400000","","","","DFO","4746"
"UEI-DFO-FL-2019-0002","2019-05-24","2019-05-27","3","Heavy Rain","","","","23.4991","91.5736","1.5","9467.55","0","","750","","","","DFO","4752"
"UEI-DFO-FL-2019-0003","2019-06-27","2019-07-13","16","Monsoonal rain","","","","27.3531","94.3944","1","67022.92","3","","50000","","","","DFO","4772"
"UEI-DFO-FL-2019-0004","2019-01-07","2019-05-07","120","Torrential rain","","","","20.2969","74.748","1.5","113845.85","36","","0","","","","DFO","4775"
"UEI-DFO-FL-2019-0005","2019-06-08","2019-09-08","92","Monsoonal rain","","","","11.4575","76.0842","1.5","94518.75","0","","22000","","","","DFO","4784"
"UEI-DFO-FL-2019-0006","2019-05-08","2019-09-08","123","Monsoonal rain","","","","19.1145","83.4825","1.5","302736.26","25","","112500","","","","DFO","4785"
"UEI-DFO-FL-2019-0007","2019-09-13","2019-09-22","9","Monsoonal rain","","","","25.3928","74.3521","1.5","180233.95","0","","4500","","","","DFO","4798"
"UEI-DFO-FL-2019-0008","2019-09-15","2019-09-22","7","Monsoonal rain","","","","24.1511","77.3956","1.5","236728.11","0","","45000","","","","DFO","4799"
"UEI-DFO-FL-2019-0009","2019-10-25","2019-06-11","Diffing the dates","Heavy Rain","","","","27.0678","94.2459","1","106818.77","2","","1000","","","","DFO","4822"
"UEI-DFO-FL-2019-0010","2019-11-30","2019-06-12","Diffing the dates","Heavy Rain","","","","10.8488","78.8554","1.5","104755.46","30","","1000","","","","DFO","4832"
"UEI-EM-DAT-FL-2006-0001","2006-04-15","2006-04-18","3","Flash flood","Adilabad, Hyderabad, Karimnagar, Khammam, Mahbubnagar, Medak, Nalgonda, Nizamabad, Rangareddi, Warangal, Srikakulam, Krishna districts (Andhra Pradesh province)","","","17.43","82.81","","","","","","","","","EM-DAT","2006-0207"
"UEI-EM-DAT-FL-2006-0002","2006-05-31","2006-07-24","54","Riverine flood","Assam, Tripura provinces","","","26.6","94.02","","","","","","","","","EM-DAT","2006-0262"
"UEI-EM-DAT-FL-2006-0003","2006-05-25","2006-06-02","8","Riverine flood","Kerala province","","","10.54","76.05","","","","","","","","","EM-DAT","2006-0263"
"UEI-EM-DAT-FL-2006-0004","2006-05-31","2006-06-04","4","Riverine flood","Maharashtra, Gujarat provinces","","","18.73","75.23","","","","","","","","","EM-DAT","2006-0265"
"UEI-EM-DAT-FL-2006-0005","2006-06-24","2006-06-27","3","Riverine flood","Ballia, Chandauli districts (Uttar Pradesh province)","","","25.62","83.67","","","","","","","","","EM-DAT","2006-0342"
"UEI-EM-DAT-FL-2006-0006","2006-07-04","2006-07-07","3","Riverine flood","Navsari, The Dangs districts (Gujarat)","","","22.41","71.31","","","","","","","","","EM-DAT","2006-0369"
"UEI-EM-DAT-FL-2006-0007","2006-07-03","2006-07-08","5","Riverine flood","Gajapati, Rayagada districts (Orissa province)","","","19.17","83.65","","","","","","","","","EM-DAT","2006-0370"
"UEI-EM-DAT-FL-2006-0008","2006-07-24","2006-08-22","29","Riverine flood","Jammu and Kashmir provinces","","","34.61","73.2","","","","","","","","","EM-DAT","2006-0389"
"UEI-EM-DAT-FL-2006-0009","2006-07-28","2006-09-12","46","Riverine flood","Andhra Pradesh, Gujarat, Maharashtra, Chhattisgarh, Rajasthan, Madhya Pradesh, Orissa, Karnataka provinces","","","20.19","73.82","","","","","","","","","EM-DAT","2006-0417"
"UEI-EM-DAT-FL-2006-0012","2006-08-31","2006-09-11","11","Flash flood","Jammu and Kashmir provinces","","","32.89","73.88","","","","","","","","","EM-DAT","2006-0548"
"UEI-EM-DAT-FL-2006-0013","2006-08-29","2006-09-04","6","Riverine flood","Balrampur, Bahraich, Lakhimpur Kheri, Shravasti, Gonda, Bara Banki districts (Uttar Pradesh province)","","","27.59","81.52","","","","","","","","","EM-DAT","2006-0549"
"UEI-EM-DAT-FL-2006-0014","2006-10-26","2006-11-04","9","Riverine flood","Tamil Nadu, Andhra Pradesh provinces","","","14.13","79.93","","","","","","","","","EM-DAT","2006-0601"
"UEI-EM-DAT-FL-2006-0015","2006-08-01","2006-09-10","40","Riverine flood","Orissa, Andhra Pradesh, Chhattisgarh provinces","","","18.1","81.53","","","","","","","","","EM-DAT","2006-0712"
"UEI-EM-DAT-FL-2007-0001","2007-06-18","2007-06-26","8","Riverine flood","Lakhimpur, Dhemaji, Cachar, Karimganj, Hailakandi, Darrang, Dibrugarh districts (Assam province)","","","26.26","94.02","","","","","","","","","EM-DAT","2007-0225"
"UEI-EM-DAT-FL-2007-0002","2007-07-01","2007-07-13","12","Riverine flood","Junagadh district (Daman and Diu province), Amreli, Bhavnagar, Jamnagar, Junagadh, Porbandar, Rajkot, Surendranagar districts (Gujarat province), Rajasthan, Madhya Pradesh","","","22.02","72.25","","","","","","","","","EM-DAT","2007-0238"
"UEI-EM-DAT-FL-2007-0003","2007-07-01","2007-07-06","5","Riverine flood","Amravati, Mumbai City, Mumbai Suburban, Raigarh, Ratnagiri, Sindhudurg, Thane districts (Maharashtra province)","","","21.03","77.52","","","","","","","","","EM-DAT","2007-0239"
"UEI-EM-DAT-FL-2007-0004","2007-06-30","2007-07-13","13","Riverine flood","Raipur, Bilaspur, Mahasamund, Durg districts (Chhattisgarh province)","","","20.05","81.86","","","","","","","","","EM-DAT","2007-0240"
"UEI-EM-DAT-FL-2007-0005","2007-06-22","2007-07-04","12","Flash flood","Kurnool, Mahbubnagar, Guntur, Prakasam, East Godavari, West Godavari, Anantapur, Cuddapah districts (Andhra Pradesh province), Thrissur district (Kerala province), Belgaum, Bijapur, Bagalkot, Kodagu, Hassan, Mysore districts (Karnataka province), Mumbai City, Pune districts (Maharashtra province)","","","14.94","78.16","","","","","","","","","EM-DAT","2007-0250"
"UEI-EM-DAT-FL-2007-0006","2007-07-21","2007-08-03","13","Riverine flood","Udaipur, Amarpur cities (South Tripura district, Tripura province), Sonamura citiy (West Tripura district, Tripura province)","","","23.92","91.23","","","","","","","","","EM-DAT","2007-0311"
"UEI-EM-DAT-FL-2007-0007","2007-07-03","2007-09-22","81","Riverine flood","Bihar, Uttar Pradesh, Assam, Orissa, West Bengal provinces","","","22.63","88.49","","","","","","","","","EM-DAT","2007-0320"
"UEI-EM-DAT-FL-2007-0008","2007-08-12","2007-08-17","5","Riverine flood","Himachal Pradesh province","","","31.24","76.53","","","","","","","","","EM-DAT","2007-0364"
"UEI-EM-DAT-FL-2007-0009","2007-08-08","2007-08-15","7","Riverine flood","Gujarat province","","","22.68","70.93","","","","","","","","","EM-DAT","2007-0415"
"UEI-EM-DAT-FL-2007-0010","2007-09-22","2007-10-03","11","Coastal flood","Baleshwar, Kendrapara, Bhadrak, Jagatsinghpur, Jajpur, Mayurbhanj, Khordha, Cuttack, Puri, Kandhamal districts (Orissa province), Kolkata, South 24 Parganas, East Midnapore, West Midnapore, Hughli districts (West Bengal province)","","","20.91","86.4","","","","","","","","","EM-DAT","2007-0467"
"UEI-EM-DAT-FL-2007-0011","2007-09-16","2007-10-07","21","Riverine flood","Kurnool, Cuddapah, Warangal, Nalgonda, Karimnagar, Mahbubnagar, Anantapur, Nellore, Krishna districts (Andhra Pradesh province), Gadag district (Karnataka province)","","","15.71","79.88","","","","","","","","","EM-DAT","2007-0469"
"UEI-EM-DAT-FL-2007-0012","2007-10-27","2007-11-01","5","Riverine flood","Andhra Pradesh, Tamil Nadu province","","","12.73","79.7","","","","","","","","","EM-DAT","2007-0524"
"UEI-EM-DAT-FL-2007-0013","2007-08-03","2007-08-27","24","Riverine flood","Cuttack, Puri, Khordha, Jajpur, Jagatsinghpur districts (Orissa province)","","","20.45","86.2","","","","","","","","","EM-DAT","2007-0596"
"UEI-EM-DAT-FL-2007-0014","2007-07-12","2007-10-10","90","Riverine flood","Assam, Arunachal Pradesh, Meghalaya, Manipur provinces","","","27.58","95.26","","","","","","","","","EM-DAT","2007-0602"
"UEI-EM-DAT-FL-2007-0015","2007-07-16","2007-07-20","4","Riverine flood","Kerala province","","","10.39","76.31","","","","","","","","","EM-DAT","2007-0603"
"UEI-EM-DAT-FL-2008-0001","2008-03-20","2008-03-28","8","","Tamil Nadu, Karnataka provinces","","","10.76","78.72","","","","","","","","","EM-DAT","2008-0130"
"UEI-EM-DAT-FL-2008-0002","2008-06-11","2008-07-21","40","Flash flood","Lakhimpu, Dhemaji, Sonitpur districts (Assam province), West Bengal, Orissa, Bihar, Gujarat, Goa, Haryana, Kerala, Karnataka, Maharastra, Madhya Pradesh, Punjab, Rajasthan, Uttar Pradesh, Tamil Nadu, Arunachal Pradesh, Uttarakhand, Jharkhand provinces","","","25.18","91.54","","","","","","","","","EM-DAT","2008-0246"
"UEI-EM-DAT-FL-2008-0004","2008-09-05","2008-09-11","6","Riverine flood","Khammam, West Godavari, Krishna, Guntur districts (Andhra Pradesh province)","","","16.65","81.38","","","","","","","","","EM-DAT","2008-0415"
"UEI-EM-DAT-FL-2008-0006","2008-08-30","2008-09-08","9","Riverine flood","Muzaffarpur, Supaul, Patna, Katihar, Nalanda, Araria, Pashchim Champaran, Sheikhpura, Saharsa, Purnia, Saran, Begusarai, Bhagalpur, Madhepura, Vaishali, Khagaria districts (Bihar province), Assam province","","","22.044","94.55","","","","","","","","","EM-DAT","2008-0486"
"UEI-EM-DAT-FL-2008-0008","2008-07-20","2008-08-08","19","Riverine flood","Lakhimpur, Jorhat districts (Assam province), Uttar Pradesh, Bihar provinces","","","27.5","89.79","","","","","","","","","EM-DAT","2008-0615"
"UEI-EM-DAT-FL-2009-0003","2009-09-25","2009-10-12","17","Riverine flood","Belgaum, Gulbarga, Bijapur, Raichur, Dharwad, Bagalkot, Bellary, Koppal, Haveri, Bidar, Gadag, Davanegere, Uttar Kannand, Dakshin Kannad districts (Karnataka province), Kurnool, Mahbubnagar, Karimnagar, Anantapur, Krishna, Cuddapah, Guntur, Khammam, Nalgonda districts (Andhra Pradesh province), Maharashtra province","","","15.71","78.23","","","","","","","","","EM-DAT","2009-0429"
"UEI-EM-DAT-FL-2009-0005","2009-11-03","2009-11-08","5","Riverine flood","Ooty, Coonoor cities (Nilgiris district, Tamil Nadu)","","","11.47","77.85","","","","","","","","","EM-DAT","2009-0483"
"UEI-EM-DAT-FL-2010-0001","2010-07-05","2010-07-15","10","Riverine flood","Ambala, Kurukshetra districts (Haryana province), Punjab, Kerala provinces","","","30.18","74.77","","","","","","","","","EM-DAT","2010-0276"
"UEI-EM-DAT-FL-2010-0002","2010-05-18","2010-05-24","6","Riverine flood","Andhra Pradesh province","","","15.22","79.48","","","","","","","","","EM-DAT","2010-0283"
"UEI-EM-DAT-FL-2010-0004","2010-08-06","2010-08-08","2","Flash flood","Leh, Cholglamsar villages (72785 district, Jammu and Kashmir province)","","","33.53","76.12","","","","","","","","","EM-DAT","2010-0373"
"UEI-EM-DAT-FL-2010-0005","2010-09-05","2010-09-17","12","Riverine flood","Lakhimpur district (Assam province)","","","26.235","92.25","","","","","","","","","EM-DAT","2010-0416"
"UEI-EM-DAT-FL-2010-0006","2010-09-18","2010-09-30","12","Riverine flood","Almora, Naini Tal districts (Uttarakhand province), Bihar, Uttar Pradesh provinces","","","26.73","82.84","","","","","","","","","EM-DAT","2010-0492"
"UEI-EM-DAT-FL-2010-0007","2010-09-09","2010-09-09","0","Riverine flood","Punjab, Haryana, Uttar Pradesh provinces","","","25.965","76.05","","","","","","","","","EM-DAT","2010-0493"
"UEI-EM-DAT-FL-2010-0008","2010-11-15","2010-12-07","22","Riverine flood","Chennai, Cuddalore, Nagapattinam, Pudukottai, Ramanthapuram, Thanjavur, Thiruvallur, Villupuram, Thoothukudi, Tirunelveli Kattabo districts (Tamil Nadu province)","","","9.88","78.47","","","","","","","","","EM-DAT","2010-0629"
"UEI-EM-DAT-FL-2011-0001","2011-08-10","2011-09-13","34","Riverine flood","West Bengal province","","","22.306","88.34","","","","","","","","","EM-DAT","2011-0327"
"UEI-EM-DAT-FL-2011-0002","2011-09-23","2011-10-23","30","Riverine flood","Angul, Baleshwar, Baragarh, Bhadrak, Boudh, Cuttack, Deogarh, Dhenkanal, Jajpur, Jagatsinghpur, Jharsuguda, Kendrapara, Khordha, Mayurbhanj, Nayagarh, Nuapada, Puri, Sambalpur districts (Orissa province)","","","20.651","86","","","","","","","","","EM-DAT","2011-0371"
"UEI-EM-DAT-FL-2011-0003","2011-08-15","2011-09-08","24","Riverine flood","Dhemaji district (Assam province), East Garo Hills, South Garo Hills, West Garo Hills districts (Meghalaya province)","","","26.59","92.18","","","","","","","","","EM-DAT","2011-0422"
"UEI-EM-DAT-FL-2011-0004","2011-08-15","2011-10-02","48","Riverine flood","Barpeta, Bongaigaon, Darrang, Dhemaji, Dhuburi, Golaghat, Jorhat, Karbi Anglong, Sibsagar, Lakhimpur, Nagaon, Sonitpur districts, (Assam province), Begusarai, Bhagalpur, Bhojpur, Buxar, Gopalganj, Katihar, Khagaria, Kishanganj, Lakhisarai, Madhubani, Madhepura, Muzaffarpur, Patna, Purnia, Samastipur, Saran, Saharsa, Sitamarhi, Supaul, Vaishali, Pashchim Champaran districts (Bihar province), Azamgarh, Aligarh, Ambedkar Nagar, Badaun, Ballia, Bara Banki, Bahraich, Bareilly, Bijnor, Faizabad, Farrukhabad, Ghazipur, Gonda, Gorakhpur, Hardoi, Jyotiba Phule Nagar, Kannauj, Kanpur, Kushinagar, Lakhimpur Kheri, Meerut, Muzaffarnagar, Moradabad, Pilibhit, Rampur, Shahjahanpur, Sitapur, Unnao districts (Uttar Pradesh province)","","","26.376","86.24","","","","","","","","","EM-DAT","2011-0424"
"UEI-EM-DAT-FL-2011-0005","2011-07-23","2011-08-09","17","Riverine flood","Gonda, Balrampur, Faizabad, Bara Banki districts (Uttar Pradesh province), Rajasthan province","","","28.524","80.93","","","","","","","","","EM-DAT","2011-0428"
"UEI-EM-DAT-FL-2012-0001","2012-06-26","2012-07-13","17","Riverine flood","Anjaw (70044), Lohit, Changlang, 70045, 70050, Lower Dibang Valley, East Siang, Upper Siang (70051) districts (Arunachal Pradesh province), Assam province","","","26.5659","92.44","","","","","","","","","EM-DAT","2012-0179"
"UEI-EM-DAT-FL-2012-0003","2012-08-04","2012-08-09","5","Riverine flood","Palchan village (Kullu district, Himachal Pradesh province), Uttarkashi, Rudra Prayag, Chamoli districts (Uttarakhand province), Moradabad district (Uttar Pradesh province), Kathua village (72780 district, Jammu and Kashmir province)","","","30.1135","78.85","","","","","","","","","EM-DAT","2012-0334"
"UEI-EM-DAT-FL-2012-0004","2012-09-16","2012-09-18","2","Riverine flood","Rudra Prayag, Bageshwar districts (Uttarakhand province)","","","31.3","76.85","","","","","","","","","EM-DAT","2012-0354"
"UEI-EM-DAT-FL-2012-0005","2012-09-19","2012-09-23","4","Riverine flood"," Barpeta, Bongaigaon, Darrang, Dhemaji, Dhuburi, Dibrugarh, Goalpara, Golaghat, Jorhat, Kamrup, Lakhimpur, Marigaon, Nagaon, Nalbari, Papum Pare, Sibsagar, Sonitpur, Tinsukia districts (Assam province), Bhagalpur, Darbhanga, Katihar, Khagaria, Muzaffarpur, Patna, Siwan, Supaul districts (Bihar province), Sahibganj district (Jharkhand province), North Sikkim district (Sikkim province), Ballia, Bara Banki, Faizabad districts (Uttar Pradesh province), Murshidabad district (West Bengal province), West Siang, East Siang, Lohit, Papum Pare districts (Arunachal Pradesh province)","","","26.8","93.63","","","","","","","","","EM-DAT","2012-0382"
"UEI-EM-DAT-FL-2013-0001","2013-06-12","2013-06-27","15","Riverine flood","Uttarakhand, Himachal Pradesh, Uttar Pradesh, Bihar, Karnataka, Kerala, Gujarat, West Bengal provinces","","","32.714","76.61","","","","","","","","","EM-DAT","2013-0192"
"UEI-EM-DAT-FL-2013-0003","2013-06-23","2013-07-15","22","","Dhemaji, Tinsukia, Nagaon, Golaghat, Jorhat, Kamrup, Karimganj, Lakhimpur, Morigaon, Sibsaga, Bongaigaon, Kokrajhar districts (Assam province)","","","27.387","94.92","","","","","","","","","EM-DAT","2013-0282"
"UEI-EM-DAT-FL-2015-0001","2015-03-20","2015-03-31","11","Flash flood","Chadoora village (72811 district, Jammu and Kashmir province)","","","33.1767","76.41","","","","","","","","","EM-DAT","2015-0107"
"UEI-EM-DAT-FL-2015-0002","2015-05-17","2015-05-21","4","Flash flood","Bhadrairuppu village (Virudhunagar district, Tamil Nadu province)","","","10.7121","79.18","","","","","","","","","EM-DAT","2015-0207"
"UEI-EM-DAT-FL-2015-0003","2015-06-19","2015-06-20","1","Riverine flood","Amreli, Rajkot, Surat districts (Gujarat province), Maharashtra province","","","21.8734","70.76","","","","","","","","","EM-DAT","2015-0249"
"UEI-EM-DAT-FL-2015-0005","2015-07-15","2015-08-19","35","Riverine flood","Kachchh, Patan, Banas Kantha districts (Gujarat province), Malda, Jalpaiguri districts (West Bengal province), Jorhat, Dhemaji, Lakhimpur, Dhuburi, Darrang, Goalpara, Karbi Anglong, Marigaon districts (Assam province), Manipur, Orissa, Rajasthan, Madhya Pradesh provinces","","","26.2074","82.62","","","","","","","","","EM-DAT","2015-0317"
"UEI-EM-DAT-FL-2015-0007","2015-08-13","2015-08-19","6","","Assam province","","","26.8946","93.75","","","","","","","","","EM-DAT","2015-0374"
"UEI-EM-DAT-FL-2015-0010","2015-11-08","2015-12-04","26","","Chittoor, Cuddapah, Prakasam, Nellore districts (Andhra Pradesh province), Chennai, Cuddalore, Nagapattinam, Kancheepuram, Thiruvallur, Villupuram districts (Tamil Nadu province), Puducherry province","","","118.278","788.55","","","","","","","","","EM-DAT","2015-0504"
"UEI-EM-DAT-FL-2016-0001","2016-04-22","2016-04-25","3","","Arunachal Pradesh, Assam, Nagaland provinces","","","27.464","95.607","","","","","","","","","EM-DAT","2016-0139"
"UEI-EM-DAT-FL-2016-0002","2016-06-25","2016-07-01","6","Flash flood","Chamoli, Pithoragahr districts (Uttarakhand province), Assam, Arunachal Pradesh provinces","","","27.068","93.95","","","","","","","","","EM-DAT","2016-0239"
"UEI-EM-DAT-FL-2016-0007","2016-09-21","2016-09-29","8","","Andhra Pradesh province, Telangana","","","17.654","80.34","","","","","","","","","EM-DAT","2016-0391"
"UEI-EM-DAT-FL-2017-0008","2017-10-30","2017-11-08","9","Flash flood","Chenai (Tamil Nadu)","","","10.489","79.004","","","","","","","","","EM-DAT","2017-0495"
